{
    "0": [
        {
            "text": "director",
            "probability": 0.9999898879744918,
            "start_logit": 6.021449089050293,
            "end_logit": 6.021449089050293
        },
        {
            "text": "",
            "probability": 1.0112025508129382e-05,
            "start_logit": 0.270561546087265,
            "end_logit": 0.270561546087265
        }
    ]
}
