{
    "0": [
        {
            "text": "2001",
            "probability": 0.999975487206191,
            "start_logit": 5.721869468688965,
            "end_logit": 5.721869468688965
        },
        {
            "text": "",
            "probability": 2.4512793809049406e-05,
            "start_logit": 0.41372403502464294,
            "end_logit": 0.41372403502464294
        }
    ]
}
