{
    "0": [
        {
            "text": "something",
            "probability": 0.9996869677968543,
            "start_logit": 4.367286682128906,
            "end_logit": 4.367286682128906
        },
        {
            "text": "",
            "probability": 0.00031303220314561457,
            "start_logit": 0.3328409790992737,
            "end_logit": 0.3328409790992737
        }
    ]
}
