{
    "0": [
        {
            "text": "natural",
            "probability": 0.9737819879348107,
            "start_logit": 2.0193307399749756,
            "end_logit": 2.0193307399749756
        },
        {
            "text": "",
            "probability": 0.026218012065189356,
            "start_logit": 0.2119603455066681,
            "end_logit": 0.2119603455066681
        }
    ]
}
