{
    "0": [
        {
            "text": "the",
            "probability": 0.8533801461402275,
            "start_logit": 1.2475435733795166,
            "end_logit": 1.2475435733795166
        },
        {
            "text": "",
            "probability": 0.14661985385977253,
            "start_logit": 0.36686262488365173,
            "end_logit": 0.36686262488365173
        }
    ]
}
