{
    "0": [
        {
            "text": "The",
            "probability": 0.9965526278092158,
            "start_logit": 3.0377888679504395,
            "end_logit": 3.0377888679504395
        },
        {
            "text": "",
            "probability": 0.0034473721907840624,
            "start_logit": 0.204444020986557,
            "end_logit": 0.204444020986557
        }
    ]
}
