{
    "0": [
        {
            "text": "April",
            "probability": 0.9999974027686037,
            "start_logit": 6.826224327087402,
            "end_logit": 6.826224327087402
        },
        {
            "text": "",
            "probability": 2.5972313962364673e-06,
            "start_logit": 0.3956933617591858,
            "end_logit": 0.3956933617591858
        }
    ],
    "1": [
        {
            "text": "Physics",
            "probability": 0.9599465320118197,
            "start_logit": 1.7719327211380005,
            "end_logit": 1.7719327211380005
        },
        {
            "text": "",
            "probability": 0.04005346798818036,
            "start_logit": 0.18360155820846558,
            "end_logit": 0.18360155820846558
        }
    ]
}
