{
    "0": -12.861061930656433,
    "1": -3.17666232585907
}
